{"schema":5,"addons":[{"id":"hotfix-update-xpi-intermediate@mozilla.com","icons":{"32":"https://addons.cdn.mozilla.net/user-media/addon_icons/2129/2129369-32.png?modified=baa671c2","64":"https://addons.cdn.mozilla.net/user-media/addon_icons/2129/2129369-64.png?modified=baa671c2","128":"https://addons.cdn.mozilla.net/user-media/addon_icons/2129/2129369-128.png?modified=baa671c2"},"name":"Disabled Add-on Fix for Firefox 61 - 65","version":"1.0.6","sourceURI":"https://addons.mozilla.org/firefox/downloads/file/2855573/disabled_add_on_fix_for_firefox_61_65-1.0.6-fx.xpi?src=","homepageURL":"https://bugzilla.mozilla.org/show_bug.cgi?id=1549017","supportURL":null,"description":"This extension will re-enable extensions that were disabled on May 3, 2019 for Firefox versions 61 - 65.","fullDescription":"On May 3, 2019, an expired security certificate prevented existing and new add-ons from running or being installed in Firefox. We are very sorry for the inconvenience.\n\nIf you use Firefox versions 61 - 65 and you did not receive the fix deployed by Mozilla or you do not want to upgrade to the latest version of Firefox (which includes the fix), we recommend that you install this extension. This extension will install a new security certificate and re-enable your extensions and themes.\n\nIf you install this extension and then upgrade to a supported version of Firefox, please uninstall this extension as it may not be compatible with updated versions.","weeklyDownloads":0,"type":"extension","creator":{"name":"Mozilla","url":"https://addons.mozilla.org/it/firefox/user/4757633/"},"developers":[],"screenshots":[],"contributionURL":"","averageRating":3,"reviewCount":1,"reviewURL":"https://addons.mozilla.org/it/firefox/addon/disabled-add-on-fix-61-65/reviews/","updateDate":1557868511000}],"compatOverrides":[]}