{"schemaVersion":28,"addons":[{"id":"formautofill@mozilla.org","syncGUID":"{64d44c00-84b9-46ca-83d0-367817397719}","version":"1.0","type":"extension","loader":null,"updateURL":null,"optionsURL":null,"optionsType":null,"optionsBrowserStyle":true,"aboutURL":null,"defaultLocale":{"name":"Form Autofill","creator":null,"developers":null,"translators":null,"contributors":null},"visible":true,"active":true,"userDisabled":false,"appDisabled":false,"installDate":1553616632092,"updateDate":1553616632092,"applyBackgroundUpdates":1,"path":"C:\\Program Files\\Mozilla Firefox\\browser\\features\\formautofill@mozilla.org.xpi","skinnable":false,"sourceURI":null,"releaseNotesURI":null,"softDisabled":false,"foreignInstall":false,"strictCompatibility":true,"locales":[],"targetApplications":[{"id":"toolkit@mozilla.org","minVersion":null,"maxVersion":null}],"targetPlatforms":[],"seen":true,"dependencies":[],"userPermissions":{"permissions":[],"origins":[]},"icons":{},"iconURL":null,"blocklistState":0,"blocklistURL":null,"startupData":null,"hidden":true,"installTelemetryInfo":null,"location":"app-system-defaults"},{"id":"screenshots@mozilla.org","syncGUID":"{237b0847-029e-41a7-ab1f-c2ef457fc03f}","version":"35.0.0","type":"extension","loader":null,"updateURL":null,"optionsURL":null,"optionsType":null,"optionsBrowserStyle":true,"aboutURL":null,"defaultLocale":{"name":"Firefox Screenshots","description":"Take clips and screenshots from the Web and save them temporarily or permanently.","creator":"Mozilla <screenshots-feedback@mozilla.com>","homepageURL":"https://github.com/mozilla-services/screenshots","developers":null,"translators":null,"contributors":null},"visible":true,"active":true,"userDisabled":false,"appDisabled":false,"installDate":1549896355073,"updateDate":1549896355073,"applyBackgroundUpdates":1,"path":"C:\\Program Files\\Mozilla Firefox\\browser\\features\\screenshots@mozilla.org.xpi","skinnable":false,"sourceURI":null,"releaseNotesURI":null,"softDisabled":false,"foreignInstall":false,"strictCompatibility":true,"locales":[{"name":"Firefox Screenshots","description":"Take clips and screenshots from the Web and save them temporarily or permanently.","creator":"Mozilla <screenshots-feedback@mozilla.com>","homepageURL":"https://github.com/mozilla-services/screenshots","developers":null,"translators":null,"contributors":null,"locales":["en-US"]},{"name":"Firefox Screenshots","description":"ウェブからスクリーンショットを撮って、一時的または永久にそれを保存しましょう。","creator":"Mozilla <screenshots-feedback@mozilla.com>","homepageURL":"https://github.com/mozilla-services/screenshots","developers":null,"translators":null,"contributors":null,"locales":["ja"]},{"name":"Firefox Screenshots","description":"Ta klipp og skjermbilder fra nettet og lagre de midlertidig eller permanent.","creator":"Mozilla <screenshots-feedback@mozilla.com>","homepageURL":"https://github.com/mozilla-services/screenshots","developers":null,"translators":null,"contributors":null,"locales":["nb-NO"]},{"name":"Firefox Screenshots","description":"Tee veebist klippe või ekraanipilte ning salvesta need ajutiselt või püsivalt.","creator":"Mozilla <screenshots-feedback@mozilla.com>","homepageURL":"https://github.com/mozilla-services/screenshots","developers":null,"translators":null,"contributors":null,"locales":["et"]},{"name":"Firefox Screenshots","description":"Tire clipes e capturas de ecrã da Web e guarde-as temporariamente ou permanentemente.","creator":"Mozilla <screenshots-feedback@mozilla.com>","homepageURL":"https://github.com/mozilla-services/screenshots","developers":null,"translators":null,"contributors":null,"locales":["pt-PT"]},{"name":"Firefox Screenshots","description":"Cymrwch clipiau a lluniau sgrin o'r We a'u cadw dros dro neu'n barhaol.","creator":"Mozilla <screenshots-feedback@mozilla.com>","homepageURL":"https://github.com/mozilla-services/screenshots","developers":null,"translators":null,"contributors":null,"locales":["cy"]},{"name":"Firefox Screenshots","description":"Wzejśo klipy a fota wobrazowki z weba a składujśo je nachylu abo na pśecej.","creator":"Mozilla <screenshots-feedback@mozilla.com>","homepageURL":"https://github.com/mozilla-services/screenshots","developers":null,"translators":null,"contributors":null,"locales":["dsb"]},{"name":"Firefox Screenshots","description":"Glac gearrthóga agus gabhálacha scáileáin ón Ghréasán agus sábháil iad, go sealadach nó go buan.","creator":"Mozilla <screenshots-feedback@mozilla.com>","homepageURL":"https://github.com/mozilla-services/screenshots","developers":null,"translators":null,"contributors":null,"locales":["ga-IE"]},{"name":"Firefox Screenshots","description":"జాలం నుండి కత్తిరింపులను తెరపట్లను తీసుకొని, వాటిని తాత్కాలికంగా లేదా శాశ్వతంగా భద్రపరచకోండి.","creator":"Mozilla <screenshots-feedback@mozilla.com>","homepageURL":"https://github.com/mozilla-services/screenshots","developers":null,"translators":null,"contributors":null,"locales":["te"]},{"name":"Firefox Screenshots","description":"Take clips and screenshots from the Web and save them temporarily or permanently.","creator":"Mozilla <screenshots-feedback@mozilla.com>","homepageURL":"https://github.com/mozilla-services/screenshots","developers":null,"translators":null,"contributors":null,"locales":["ast"]},{"name":"Firefox Screenshots","description":"Effectuez des captures d’écran sur le Web et sauvegardez-les de manière temporaire ou permanente.","creator":"Mozilla <screenshots-feedback@mozilla.com>","homepageURL":"https://github.com/mozilla-services/screenshots","developers":null,"translators":null,"contributors":null,"locales":["fr"]},{"name":"Firefox Screenshots","description":"Dalhin ang clip at mga screenshot mula sa Web at i-save ang mga ito pansamantala o permanente.","creator":"Mozilla <screenshots-feedback@mozilla.com>","homepageURL":"https://github.com/mozilla-services/screenshots","developers":null,"translators":null,"contributors":null,"locales":["tl"]},{"name":"Firefox Screenshots","description":"Take clips and screenshots from the Web and save them temporarily or permanently.","creator":"Mozilla <screenshots-feedback@mozilla.com>","homepageURL":"https://github.com/mozilla-services/screenshots","developers":null,"translators":null,"contributors":null,"locales":["km"]},{"name":"Firefox Screenshots","description":"Прави клипове и снимки на уебстраница и ги запазва временно или за постоянно.","creator":"Mozilla <screenshots-feedback@mozilla.com>","homepageURL":"https://github.com/mozilla-services/screenshots","developers":null,"translators":null,"contributors":null,"locales":["bg"]},{"name":"Firefox Screenshots","description":"Rekam klip dan tangkapan layar dari Web dan simpan untuk sementara atau secara permanen.","creator":"Mozilla <screenshots-feedback@mozilla.com>","homepageURL":"https://github.com/mozilla-services/screenshots","developers":null,"translators":null,"contributors":null,"locales":["id"]},{"name":"Firefox Screenshots","description":"Hartu webetik pantaila-zatiak eta -argazkiak eta gorde aldi baterako edo behin betiko.","creator":"Mozilla <screenshots-feedback@mozilla.com>","homepageURL":"https://github.com/mozilla-services/screenshots","developers":null,"translators":null,"contributors":null,"locales":["eu"]},{"name":"Firefox Screenshots","description":"Pořizujte snímky webových stránek a ukládejte je dočasně nebo natrvalo.","creator":"Mozilla <screenshots-feedback@mozilla.com>","homepageURL":"https://github.com/mozilla-services/screenshots","developers":null,"translators":null,"contributors":null,"locales":["cs"]},{"name":"Firefox Screenshots","description":"વેબમાંથી ક્લિપ્સ અને સ્ક્રીનશૉટ્સ લો અને તેમને કામચલાઉ અથવા કાયમી રીતે સાચવો.","creator":"Mozilla<screenshots-feedback@mozilla.com>","homepageURL":"https://github.com/mozilla-services/screenshots","developers":null,"translators":null,"contributors":null,"locales":["gu-IN"]},{"name":"Firefox Screenshots","description":"Készítsen videoklipeket és képernyőképeket a webről, és mentse őket ideiglenesen vagy véglegesen.","creator":"Mozilla <screenshots-feedback@mozilla.com>","homepageURL":"https://github.com/mozilla-services/screenshots","developers":null,"translators":null,"contributors":null,"locales":["hu"]},{"name":"Firefox Screenshots","description":"Take clips and screenshots from the Web and save them temporarily or permanently.","creator":"Mozilla <screenshots-feedback@mozilla.com>","homepageURL":"https://github.com/mozilla-services/screenshots","developers":null,"translators":null,"contributors":null,"locales":["kn"]},{"name":"Firefox Screenshots","description":"Ke'achapa' silowachib'al chuqa' chapoj wachib'äl pan Ajk'amaya'l richin ye'ayäk.","creator":"Mozilla <screenshots-feedback@mozilla.com>","homepageURL":"https://github.com/mozilla-services/screenshots","developers":null,"translators":null,"contributors":null,"locales":["cak"]},{"name":"Firefox Screenshots","description":"Toma capturas de un sitio Web para guardarlas de forma temporal o permanentemente.","creator":"Mozilla <screenshots-feedback@mozilla.com>","homepageURL":"https://github.com/mozilla-services/screenshots","developers":null,"translators":null,"contributors":null,"locales":["es-CL"]},{"name":"Firefox Screenshots","description":"Робіть вирізки та знімки екрану в Інтернеті та зберігайте їх для подальшої роботи.","creator":"Mozilla <screenshots-feedback@mozilla.com>","homepageURL":"https://github.com/mozilla-services/screenshots","developers":null,"translators":null,"contributors":null,"locales":["uk"]},{"name":"Firefox Screenshots","description":"ویب سے کللبس یاا اسکرین شاٹیں لیں اور ان کو عارظی یا مستقل طور پر محفوظ کریں۔","creator":"Mozilla <screenshots-feedback@mozilla.com>","homepageURL":"https://github.com/mozilla-services/screenshots","developers":null,"translators":null,"contributors":null,"locales":["ur"]},{"name":"Firefox Screenshots","description":"Prenu eltondaĵon aŭ faru ekrankopiojn de retpaĝoj kaj konservu ilin ĉu daŭre ĉu provizore.","creator":"Mozilla <screenshots-feedback@mozilla.com>","homepageURL":"https://github.com/mozilla-services/screenshots","developers":null,"translators":null,"contributors":null,"locales":["eo"]},{"name":"Firefox Screenshots","description":"Take clips and screenshots from the Web and save them temporarily or permanently.","creator":"Mozilla <screenshots-feedback@mozilla.com>","homepageURL":"https://github.com/mozilla-services/screenshots","developers":null,"translators":null,"contributors":null,"locales":["si"]},{"name":"Firefox Screenshots","description":"Ta klipp och skärmbilder från webben och spara dem tillfälligt eller permanent.","creator":"Mozilla <screenshots-feedback@mozilla.com>","homepageURL":"https://github.com/mozilla-services/screenshots","developers":null,"translators":null,"contributors":null,"locales":["sv-SE"]},{"name":"Firefox Screenshots","description":"Ta klipp og skjermbilde frå nettet og lagre dei mellombels eller permanent.","creator":"Mozilla <screenshots-feedback@mozilla.com>","homepageURL":"https://github.com/mozilla-services/screenshots","developers":null,"translators":null,"contributors":null,"locales":["nn-NO"]},{"name":"Firefox Screenshots","description":"خذ مقاطع و لقطات من الوب و احفظهم مؤقتًا أو دائمًا.","creator":"موزيلا <screenshots-feedback@mozilla.com>","homepageURL":"https://github.com/mozilla-services/screenshots","developers":null,"translators":null,"contributors":null,"locales":["ar"]},{"name":"Firefox Screenshots","description":"Chụp ảnh và chụp màn hình từ Web và lưu chúng tạm thời hoặc vĩnh viễn.","creator":"Mozilla <screenshots-feedback@mozilla.com>","homepageURL":"https://github.com/mozilla-services/screenshots","developers":null,"translators":null,"contributors":null,"locales":["vi"]},{"name":"Firefox Screenshots","description":"Ƴettu kilip walla nattal yaynirde rewrude e geese, ndaɗndaa ɗum e mudda walla e ko duumii.","creator":"Mozilla <screenshots-feedback@mozilla.com>","homepageURL":"https://github.com/mozilla-services/screenshots","developers":null,"translators":null,"contributors":null,"locales":["ff"]},{"name":"Firefox Screenshots","description":"გადაუღეთ ვიდეოები და სურათები ვებგვერდებს და შეინახეთ დროებით, ან მუდმივად.","creator":"Mozilla <screenshots-feedback@mozilla.com>","homepageURL":"https://github.com/mozilla-services/screenshots","developers":null,"translators":null,"contributors":null,"locales":["ka"]},{"name":"Firefox Screenshots","description":"웹 페이지를 찍거나 영상으로 만들어 임시로, 혹은 영구히 보관하세요.","creator":"Mozilla <screenshots-feedback@mozilla.com>","homepageURL":"https://github.com/mozilla-services/screenshots","developers":null,"translators":null,"contributors":null,"locales":["ko"]},{"name":"Firefox Screenshots","description":"Tog cliopaichean is glacaidhean-sgrìn on lìon is sàbhail iad rè seal no gu buan.","creator":"Mozilla <screenshots-feedback@mozilla.com>","homepageURL":"https://github.com/mozilla-services/screenshots","developers":null,"translators":null,"contributors":null,"locales":["gd"]},{"name":"Firefox Screenshots","description":"Cattura schermate di contenuti sul Web e salvali, per un periodo di tempo limitato o in modo permanente.","creator":"Mozilla <screenshots-feedback@mozilla.com>","homepageURL":"https://github.com/mozilla-services/screenshots","developers":null,"translators":null,"contributors":null,"locales":["it"]},{"name":"Firefox Screenshots","description":"Tomá imágenes y capturas de la web y guardalos temporal o permanentemente.","creator":"Mozilla <screenshots-feedback@mozilla.com>","homepageURL":"https://github.com/mozilla-services/screenshots","developers":null,"translators":null,"contributors":null,"locales":["es-AR"]},{"name":"Firefox Screenshots","description":"Internetdan lavha va skrinshotlar oling hamda ularni vaqtincha yoki butunlay saqlab oling.","creator":"Mozilla <screenshots-feedback@mozilla.com>","homepageURL":"https://github.com/mozilla-services/screenshots","developers":null,"translators":null,"contributors":null,"locales":["uz"]},{"name":"Firefox Screenshots","description":"Darykite iškarpas ir ekrano nuotraukos su interneto turiniu bei saugokite jas laikinai arba visąlaik.","creator":"„Mozilla“ <screenshots-feedback@mozilla.com>","homepageURL":"https://github.com/mozilla-services/screenshots","developers":null,"translators":null,"contributors":null,"locales":["lt"]},{"name":"Firefox Screenshots","description":"Përftoni copëza dhe bëni foto në Web dhe ruajini ato përkohësisht ose përfundimisht.","creator":"Mozilla <screenshots-feedback@mozilla.com>","homepageURL":"https://github.com/mozilla-services/screenshots","developers":null,"translators":null,"contributors":null,"locales":["sq"]},{"name":"Firefox Screenshots","description":"Tomar clips y capturas de pantalla de la web y guardarlos temporalmente o permanentemente.","creator":"Mozilla <screenshots-feedback@mozilla.com>","homepageURL":"https://github.com/mozilla-services/screenshots","developers":null,"translators":null,"contributors":null,"locales":["es-MX"]},{"name":"Firefox Screenshots","description":"வலைபக்கங்களை நிரந்தரமாக (அ) தற்காலிகமாக துணுக்குகளாக (அ) திரைப்பிடிப்புகளாக சேமியுங்கள்.","creator":"மொசில்லா <screenshots-feedback@mozilla.com>","homepageURL":"https://github.com/mozilla-services/screenshots","developers":null,"translators":null,"contributors":null,"locales":["ta"]},{"name":"Firefox Screenshots","description":"Web səhifələrin ekran görüntülərini alın, müvəqqəti və ya qalıcı saxlayın.","creator":"Mozilla <screenshots-feedback@mozilla.com>","homepageURL":"https://github.com/mozilla-services/screenshots","developers":null,"translators":null,"contributors":null,"locales":["az"]},{"name":"Firefox Screenshots","description":"Земете исечоци и слики од Интернет и зачувајте ги привремено или трајно.","creator":"Mozilla <screenshots-feedback@mozilla.com>","homepageURL":"https://github.com/mozilla-services/screenshots","developers":null,"translators":null,"contributors":null,"locales":["mk"]},{"name":"Firefox Screenshots","description":"จับภาพหน้าจอจากเว็บและบันทึกไว้ชั่วคราวหรือถาวร","creator":"Mozilla <screenshots-feedback@mozilla.com>","homepageURL":"https://github.com/mozilla-services/screenshots","developers":null,"translators":null,"contributors":null,"locales":["th"]},{"name":"Firefox Screenshots","description":"Erstellen Sie Bildschirmfotos von vollständigen Webseiten oder Ausschnitten und speichern Sie diese temporär oder dauerhaft.","creator":"Mozilla <screenshots-feedback@mozilla.com>","homepageURL":"https://github.com/mozilla-services/screenshots","developers":null,"translators":null,"contributors":null,"locales":["de"]},{"name":"Firefox Screenshots","description":"Take clips and screenshots from the Web and save them temporarily or permanently.","creator":"Mozilla <screenshots-feedback@mozilla.com>","homepageURL":"https://github.com/mozilla-services/screenshots","developers":null,"translators":null,"contributors":null,"locales":["en-GB"]},{"name":"Firefox Screenshots","description":"वेबवरून क्लिप आणि स्क्रीनशॉट घ्या आणि त्यांना तात्पुरते किंवा कायमचे जतन करा.","creator":"Mozilla <screenshots-feedback@mozilla.com>","homepageURL":"https://github.com/mozilla-services/screenshots","developers":null,"translators":null,"contributors":null,"locales":["mr"]},{"name":"Firefox Screenshots","description":"Wzmiće klipy a fota wobrazowki z weba a składujće je nachwilu abo na přeco.","creator":"Mozilla <screenshots-feedback@mozilla.com>","homepageURL":"https://github.com/mozilla-services/screenshots","developers":null,"translators":null,"contributors":null,"locales":["hsb"]},{"name":"Firefox Screenshots","description":"ဝဘ်ထံမှ ဓါတ်ပုံများနှင့် မျက်နှာပြင်ပုံဖမ်းချက်များကို ရိုက်ယူပြီး ယာယီ သို့မဟုတ် အမြဲတမ်းသိုလှောင်ရာတွင် သိမ်းဆည်းပါ။","creator":"Mozilla <screenshots-feedback@mozilla.com>","homepageURL":"https://github.com/mozilla-services/screenshots","developers":null,"translators":null,"contributors":null,"locales":["my"]},{"name":"Firefox Screenshots","description":"Fai maletgs da visur dal web ed als memorisescha temporarmain u permanentamain.","creator":"Mozilla <screenshots-feedback@mozilla.com>","homepageURL":"https://github.com/mozilla-services/screenshots","developers":null,"translators":null,"contributors":null,"locales":["rm"]},{"name":"Firefox Screenshots","description":"Take clips and screenshots from the Web and save them temporarily or permanently.","creator":"Mozilla <screenshots-feedback@mozilla.com>","homepageURL":"https://github.com/mozilla-services/screenshots","developers":null,"translators":null,"contributors":null,"locales":["gl"]},{"name":"Firefox Screenshots","description":"ওয়েব থেকে ক্লিপ এবং স্ক্রিনশট নিন এবং সেগুলো সাময়িকভাবে বা স্থায়ীভাবে সংরক্ষণ করুন।","creator":"Mozilla <screenshots-feedback@mozilla.com>","homepageURL":"https://github.com/mozilla-services/screenshots","developers":null,"translators":null,"contributors":null,"locales":["bn-BD"]},{"name":"Firefox Screenshots","description":"Feu captures de pantalla de pàgines web i deseu-les temporalment o per sempre.","creator":"Mozilla <screenshots-feedback@mozilla.com>","homepageURL":"https://github.com/mozilla-services/screenshots","developers":null,"translators":null,"contributors":null,"locales":["ca"]},{"name":"Firefox Screenshots","description":"Meitsje skermôfdrukken of klips fan it web en bewarje se tydlik of permanint.","creator":"Mozilla <screenshots-feedback@mozilla.com>","homepageURL":"https://github.com/mozilla-services/screenshots","developers":null,"translators":null,"contributors":null,"locales":["fy-NL"]},{"name":"Firefox Screenshots","description":"Vytvorte si snímky obrazovky na webe a uložte si ich dočasne či navždy.","creator":"Mozilla <screenshots-feedback@mozilla.com>","homepageURL":"https://github.com/mozilla-services/screenshots","developers":null,"translators":null,"contributors":null,"locales":["sk"]},{"name":"Firefox Screenshots","description":"Take clips and screenshots from the Web and save them temporarily or permanently.","creator":"Mozilla <screenshots-feedback@mozilla.com>","homepageURL":"https://github.com/mozilla-services/screenshots","developers":null,"translators":null,"contributors":null,"locales":["mai"]},{"name":"Firefox Screenshots","description":"Бележите снимке екрана са веба и сачувајте их привремено или трајно.","creator":"Mozilla <screenshots-feedback@mozilla.com>","homepageURL":"https://github.com/mozilla-services/screenshots","developers":null,"translators":null,"contributors":null,"locales":["sr"]},{"name":"Firefox Screenshots","description":"از وب عکس بگیرید و کلیپ بسازید و به صورت موقت یا دایمی ذخیره کنید.","creator":"موزیلا <screenshots-feedback@mozilla.com>","homepageURL":"https://github.com/mozilla-services/screenshots","developers":null,"translators":null,"contributors":null,"locales":["fa"]},{"name":"Firefox Screenshots","description":"വെബിൽ നിന്ന് ക്ലിപ്പുകളും സ്ക്രീൻഷോട്ടുകളും എടുത്ത് അവ താൽക്കാലികമായോ അല്ലെങ്കിൽ സ്ഥിരമായോ സംരക്ഷിക്കുക.","creator":"മോസില്ല <screenshots-feedback@mozilla.com>","homepageURL":"https://github.com/mozilla-services/screenshots","developers":null,"translators":null,"contributors":null,"locales":["ml"]},{"name":"Firefox Screenshots","description":"Fanni de föto do schermo da-o Web e sarvale in mòddo tenporaneo ò cin mòddo che restan.","creator":"Mozilla <screenshots-feedback@mozilla.com>","homepageURL":"https://github.com/mozilla-services/screenshots","developers":null,"translators":null,"contributors":null,"locales":["lij"]},{"name":"Firefox Screenshots","description":"Ambil klip dan skrinsyot dari Web dan simpan untuk sementara waktu atau kekal.","creator":"Mozilla <screenshots-feedback@mozilla.com>","homepageURL":"https://github.com/mozilla-services/screenshots","developers":null,"translators":null,"contributors":null,"locales":["ms"]},{"name":"Firefox Screenshots","description":"Prende retalios video e instantaneos de schermo ab le Web e salva los temporarimente o permanentemente.","creator":"Mozilla <screenshots-feedback@mozilla.com>","homepageURL":"https://github.com/mozilla-services/screenshots","developers":null,"translators":null,"contributors":null,"locales":["ia"]},{"name":"Firefox Screenshots","description":"截取网页截图，可临时或永久存储。","creator":"Mozilla <screenshots-feedback@mozilla.com>","homepageURL":"https://github.com/mozilla-services/screenshots","developers":null,"translators":null,"contributors":null,"locales":["zh-CN"]},{"name":"Firefox Screenshots","description":"Делайте вырезки и скриншоты из Интернета и сохраняйте их временно или навсегда.","creator":"Mozilla <screenshots-feedback@mozilla.com>","homepageURL":"https://github.com/mozilla-services/screenshots","developers":null,"translators":null,"contributors":null,"locales":["ru"]},{"name":"Firefox Screenshots","description":"Tapit skeudennoù war ar Web hag enrollit anezho e-pad ur mare pe da viken.","creator":"Mozilla <screenshots-feedback@mozilla.com>","homepageURL":"https://github.com/mozilla-services/screenshots","developers":null,"translators":null,"contributors":null,"locales":["br"]},{"name":"Firefox Screenshots","description":"Twórz wycinki i zrzuty stron internetowych i zapisuj je tymczasowo lub trwale.","creator":"Mozilla <screenshots-feedback@mozilla.com>","homepageURL":"https://github.com/mozilla-services/screenshots","developers":null,"translators":null,"contributors":null,"locales":["pl"]},{"name":"Firefox Screenshots","description":"Ağ'dan tüyremeler ve ekran körüntilerini al ve olarnı muvaqqat yaki payidar olaraq saqla.","creator":"Mozilla <screenshots-feedback@mozilla.com>","homepageURL":"https://github.com/mozilla-services/screenshots","developers":null,"translators":null,"contributors":null,"locales":["crh"]},{"name":"Firefox Screenshots","description":"वेब से फ़ोटो और स्क्रीनशॉट लें और उन्हें अस्थायी या स्थायी रूप से सहेजें.","creator":"Mozilla <screenshots-feedback@mozilla.com>","homepageURL":"https://github.com/mozilla-services/screenshots","developers":null,"translators":null,"contributors":null,"locales":["hi-IN"]},{"name":"Firefox Screenshots","description":"ຖ່າຍຄຣິບ ແລະ ພາບຫນ້າຈໍຈາກຫນ້າເວັບ ແລ້ວບັນທຶກໄວ້ຊົ່ວຄາວ ຫລື ຖາວອນ.","creator":"Mozilla <screenshots-feedback@mozilla.com>","homepageURL":"https://github.com/mozilla-services/screenshots","developers":null,"translators":null,"contributors":null,"locales":["lo"]},{"name":"Firefox Screenshots","description":"Zajemajte posnetke zaslona s spleta ter jih shranite začasno ali trajno.","creator":"Mozilla <screenshots-feedback@mozilla.com>","homepageURL":"https://github.com/mozilla-services/screenshots","developers":null,"translators":null,"contributors":null,"locales":["sl"]},{"name":"Firefox Screenshots","description":"Snimite ili slikajte stvari s Weba te ih spremite privremeno ili trajno.","creator":"Mozilla <screenshots-feedback@mozilla.org>","homepageURL":"https://github.com/mozilla-services/screenshots","developers":null,"translators":null,"contributors":null,"locales":["hr"]},{"name":"Firefox Screenshots","description":"Ota leikkeitä ja kuvakaappauksia verkosta ja tallenna ne tilapäisesti tai pysyvästi.","creator":"Mozilla <screenshots-feedback@mozilla.com>","homepageURL":"https://github.com/mozilla-services/screenshots","developers":null,"translators":null,"contributors":null,"locales":["fi"]},{"name":"Firefox Screenshots","description":"Mak vidio ma ki ngolo macego cego ki cal me wang kio ki i Kakube ka igwok gi pi tutunu onyo matwal.","creator":"Mozilla <screenshots-feedback@mozilla.com>","homepageURL":"https://github.com/mozilla-services/screenshots","developers":null,"translators":null,"contributors":null,"locales":["ach"]},{"name":"Firefox Screenshots","description":"Интернеттен скриншоттарды түсіріп, оларды уақытша немесе тұрақты түрде сақтаңыз.","creator":"Mozilla <screenshots-feedback@mozilla.com>","homepageURL":"https://github.com/mozilla-services/screenshots","developers":null,"translators":null,"contributors":null,"locales":["kk"]},{"name":"Firefox Screenshots","description":"Рабіце кліпы і здымкі экрана ў Сеціве і захоўвайце іх часова або назаўжды.","creator":"Mozilla <screenshots-feedback@mozilla.com>","homepageURL":"https://github.com/mozilla-services/screenshots","developers":null,"translators":null,"contributors":null,"locales":["be"]},{"name":"Firefox Screenshots","description":"Realizează decupaje și capturi de ecran de pe web și salvează-le temporar sau permanent.","creator":"Mozilla <screenshots-feedback@mozilla.com>","homepageURL":"https://github.com/mozilla-services/screenshots","developers":null,"translators":null,"contributors":null,"locales":["ro"]},{"name":"Firefox Screenshots","description":"Snimite ili slikajte stvari s weba te ih sačuvajte privremeno ili trajno.","creator":"Mozilla <screenshots-feedback@mozilla.com>","homepageURL":"https://github.com/mozilla-services/screenshots","developers":null,"translators":null,"contributors":null,"locales":["bs"]},{"name":"Firefox Screenshots","description":"Enohẽ ta’anga ha japyhypy ñandutígui ha eñongatu sapy’aite térã areve.","creator":"Mozilla <screenshots-feedback@mozilla.com>","homepageURL":"https://github.com/mozilla-services/screenshots","developers":null,"translators":null,"contributors":null,"locales":["gn"]},{"name":"Firefox Screenshots","description":"Ṭṭef imrayen akked igdilen si Web sakin sekles-iten s wudem askudan neγ s wudem yezgan.","creator":"Mozilla <screenshots-feedback@mozilla.com>","homepageURL":"https://github.com/mozilla-services/screenshots","developers":null,"translators":null,"contributors":null,"locales":["kab"]},{"name":"Firefox Screenshots","description":"Take clips and screenshots from the Web and save them temporarily or permanently.","creator":"ਮੌਜ਼ੀਲਾ <screenshots-feedback@mozilla.com>","homepageURL":"https://github.com/mozilla-services/screenshots","developers":null,"translators":null,"contributors":null,"locales":["pa-IN"]},{"name":"Firefox Screenshots","description":"Πραγματοποιήστε λήψη στιγμιοτύπων από το Διαδίκτυο και αποθηκεύστε τα προσωρινά ή μόνιμα.","creator":"Mozilla <screenshots-feedback@mozilla.com>","homepageURL":"https://github.com/mozilla-services/screenshots","developers":null,"translators":null,"contributors":null,"locales":["el"]},{"name":"Firefox Screenshots","description":"Ստացեք հոլովակներ և էկրանի հանույթներ վեբից և պահպանեք դանք ժամանակավոր կամ մշտապես:","creator":"Mozilla <screenshots-feedback@mozilla.com>","homepageURL":"https://github.com/mozilla-services/screenshots","developers":null,"translators":null,"contributors":null,"locales":["hy-AM"]},{"name":"Firefox Screenshots","description":"Tire capturas de tela da Web e guarde-as temporariamente ou permanentemente.","creator":"Mozilla <screenshots-feedback@mozilla.com>","homepageURL":"https://github.com/mozilla-services/screenshots","developers":null,"translators":null,"contributors":null,"locales":["pt-BR"]},{"name":"Firefox Screenshots","description":"拍攝網頁的擷圖，可暫時儲存或永久儲存。","creator":"Mozilla <screenshots-feedback@mozilla.com>","homepageURL":"https://github.com/mozilla-services/screenshots","developers":null,"translators":null,"contributors":null,"locales":["zh-TW"]},{"name":"Firefox Screenshots","description":"יצירת צילומי מסך של דפי אינטרנט ושמירה שלהם באופן זמני או קבוע.","creator":"Mozilla <screenshots-feedback@mozilla.com>","homepageURL":"https://github.com/mozilla-services/screenshots","developers":null,"translators":null,"contributors":null,"locales":["he"]},{"name":"Firefox Screenshots","description":"Tag udklip og skærmbilleder fra nettet og gem dem midlertidigt eller permanent.","creator":"Mozilla <screenshots-feedback@mozilla.com>","homepageURL":"https://github.com/mozilla-services/screenshots","developers":null,"translators":null,"contributors":null,"locales":["da"]},{"name":"Firefox Screenshots","description":"Вэбээс авсан клип болон дэлгэцийн зургийг аваад тэдгээрийг түр эсвэл бүрмөсөн хадгал.","creator":"Mozilla <screenshots-feedback@mozilla.com>","homepageURL":"https://github.com/mozilla-services/screenshots","developers":null,"translators":null,"contributors":null,"locales":["mn"]},{"name":"Firefox Screenshots","description":"Web sayfalarının ekran görüntülerini alın, ister geçici ister kalıcı olarak kaydedin.","creator":"Mozilla <screenshots-feedback@mozilla.com>","homepageURL":"https://github.com/mozilla-services/screenshots","developers":null,"translators":null,"contributors":null,"locales":["tr"]},{"name":"Firefox Screenshots","description":"Take clips and screenshots from the Web and save them temporarily or permanently.","creator":"Mozilla <screenshots-feedback@mozilla.com>","homepageURL":"https://github.com/mozilla-services/screenshots","developers":null,"translators":null,"contributors":null,"locales":["en-CA"]},{"name":"Firefox Screenshots","description":"वेबबाट फोटो र सिक्रिनसट या क्लिपहरू लिएर क्षणिक वा सदाको लागि सङ्ग्रह गर्न ।","creator":"Mozilla <screenshots-feedback@mozilla.com>","homepageURL":"https://github.com/mozilla-services/screenshots","developers":null,"translators":null,"contributors":null,"locales":["ne-NP"]},{"name":"Firefox Screenshots","description":"Haz capturas y recortes de la web y guárdalos temporal o permanentemente.","creator":"Mozilla <screenshots-feedback@mozilla.com>","homepageURL":"https://github.com/mozilla-services/screenshots","developers":null,"translators":null,"contributors":null,"locales":["es-ES"]},{"name":"Firefox Screenshots","description":"Maak clips en schermafbeeldingen van het web en sla deze tijdelijk of permanent op.","creator":"Mozilla <screenshots-feedback@mozilla.com>","homepageURL":"https://github.com/mozilla-services/screenshots","developers":null,"translators":null,"contributors":null,"locales":["nl"]}],"targetApplications":[{"id":"toolkit@mozilla.org","minVersion":"57.0a1","maxVersion":null}],"targetPlatforms":[],"seen":true,"dependencies":[],"userPermissions":{"permissions":["activeTab","downloads","tabs","storage","notifications","clipboardWrite","contextMenus","telemetry"],"origins":["<all_urls>","https://screenshots.firefox.com/","https://screenshots.firefox.com/*"]},"icons":{"32":"icons/icon-v2.svg"},"iconURL":null,"blocklistState":0,"blocklistURL":null,"startupData":null,"hidden":true,"installTelemetryInfo":null,"location":"app-system-defaults"},{"id":"webcompat-reporter@mozilla.org","syncGUID":"{cc9d0ed1-b730-466b-97bc-13e0afa199e8}","version":"1.1.0","type":"extension","loader":null,"updateURL":null,"optionsURL":null,"optionsType":null,"optionsBrowserStyle":true,"aboutURL":null,"defaultLocale":{"name":"WebCompat Reporter","description":"Report site compatibility issues on webcompat.com","creator":"Thomas Wisniewski <twisniewski@mozilla.com>","homepageURL":"https://github.com/mozilla/webcompat-reporter","developers":null,"translators":null,"contributors":null},"visible":true,"active":false,"userDisabled":true,"appDisabled":false,"installDate":1553616632071,"updateDate":1553616632071,"applyBackgroundUpdates":1,"path":"C:\\Program Files\\Mozilla Firefox\\browser\\features\\webcompat-reporter@mozilla.org.xpi","skinnable":false,"sourceURI":null,"releaseNotesURI":null,"softDisabled":false,"foreignInstall":false,"strictCompatibility":true,"locales":[],"targetApplications":[{"id":"toolkit@mozilla.org","minVersion":null,"maxVersion":null}],"targetPlatforms":[],"seen":true,"dependencies":[],"userPermissions":{"permissions":["tabs"],"origins":["<all_urls>"]},"icons":{"16":"icons/lightbulb.svg","32":"icons/lightbulb.svg","48":"icons/lightbulb.svg","96":"icons/lightbulb.svg","128":"icons/lightbulb.svg"},"iconURL":null,"blocklistState":0,"blocklistURL":null,"startupData":null,"hidden":true,"installTelemetryInfo":null,"location":"app-system-defaults"},{"id":"webcompat@mozilla.org","syncGUID":"{df242bb5-0eb0-4ea6-b24c-3861494b2b63}","version":"3.0.2","type":"extension","loader":null,"updateURL":null,"optionsURL":null,"optionsType":null,"optionsBrowserStyle":true,"aboutURL":null,"defaultLocale":{"name":"Web Compat","description":"Urgent post-release fixes for web compatibility.","creator":null,"developers":null,"translators":null,"contributors":null},"visible":true,"active":true,"userDisabled":false,"appDisabled":false,"installDate":1553616632054,"updateDate":1553616632054,"applyBackgroundUpdates":1,"path":"C:\\Program Files\\Mozilla Firefox\\browser\\features\\webcompat@mozilla.org.xpi","skinnable":false,"sourceURI":null,"releaseNotesURI":null,"softDisabled":false,"foreignInstall":false,"strictCompatibility":true,"locales":[],"targetApplications":[{"id":"toolkit@mozilla.org","minVersion":"59.0b5","maxVersion":null}],"targetPlatforms":[],"seen":true,"dependencies":[],"userPermissions":{"permissions":["webRequest","webRequestBlocking"],"origins":["<all_urls>"]},"icons":{},"iconURL":null,"blocklistState":0,"blocklistURL":null,"startupData":null,"hidden":true,"installTelemetryInfo":null,"location":"app-system-defaults"},{"id":"hotfix-update-xpi-intermediate@mozilla.com","syncGUID":"{8ada0ee1-7b2d-4857-9bae-f91e522bfc9f}","version":"1.0.3","type":"extension","loader":null,"updateURL":null,"optionsURL":null,"optionsType":null,"optionsBrowserStyle":true,"aboutURL":null,"defaultLocale":{"name":"hotfix-update-xpi-intermediate","description":"This is a hotfix that updates an intermediate certificate used for signing add-ons. It is one of the mechanisms used to fix bug 1548973.","creator":null,"homepageURL":"https://bugzilla.mozilla.org/show_bug.cgi?id=1549017","developers":null,"translators":null,"contributors":null},"visible":true,"active":true,"userDisabled":false,"appDisabled":false,"installDate":1557914042836,"updateDate":1557914042836,"applyBackgroundUpdates":1,"path":"C:\\Users\\Lorenzo\\AppData\\Roaming\\Mozilla\\Firefox\\Profiles\\alitalia.selenium\\extensions\\hotfix-update-xpi-intermediate@mozilla.com.xpi","skinnable":false,"sourceURI":"https://storage.googleapis.com/moz-fx-normandy-prod-addons/extensions/hotfix-update-xpi-intermediate%40mozilla.com-1.0.3-signed.xpi","releaseNotesURI":null,"softDisabled":false,"foreignInstall":false,"strictCompatibility":true,"locales":[],"targetApplications":[{"id":"toolkit@mozilla.org","minVersion":null,"maxVersion":null}],"targetPlatforms":[],"signedState":4,"seen":true,"dependencies":[],"userPermissions":{"permissions":[],"origins":[]},"icons":{},"iconURL":null,"blocklistState":0,"blocklistURL":null,"startupData":null,"hidden":true,"installTelemetryInfo":{"source":"internal"},"location":"app-profile"}]}